{"frames":{"oof0":{"frame":{"x":0,"y":0,"w":500,"h":300},"rotated":false,"trimmed":false,"spriteSourceSize":{"x":0,"y":0,"w":500,"h":300},"sourceSize":{"w":500,"h":300}},"oof1":{"frame":{"x":0,"y":301,"w":500,"h":300},"rotated":false,"trimmed":false,"spriteSourceSize":{"x":0,"y":0,"w":500,"h":300},"sourceSize":{"w":500,"h":300}},"oof2":{"frame":{"x":0,"y":602,"w":500,"h":300},"rotated":false,"trimmed":false,"spriteSourceSize":{"x":0,"y":0,"w":500,"h":300},"sourceSize":{"w":500,"h":300}},"tired0":{"frame":{"x":501,"y":0,"w":500,"h":300},"rotated":false,"trimmed":false,"spriteSourceSize":{"x":0,"y":0,"w":500,"h":300},"sourceSize":{"w":500,"h":300}},"tired1":{"frame":{"x":501,"y":301,"w":500,"h":300},"rotated":false,"trimmed":false,"spriteSourceSize":{"x":0,"y":0,"w":500,"h":300},"sourceSize":{"w":500,"h":300}},"tired2":{"frame":{"x":501,"y":602,"w":500,"h":300},"rotated":false,"trimmed":false,"spriteSourceSize":{"x":0,"y":0,"w":500,"h":300},"sourceSize":{"w":500,"h":300}},"tired3":{"frame":{"x":0,"y":903,"w":500,"h":300},"rotated":false,"trimmed":false,"spriteSourceSize":{"x":0,"y":0,"w":500,"h":300},"sourceSize":{"w":500,"h":300}},"walk0":{"frame":{"x":501,"y":903,"w":500,"h":300},"rotated":false,"trimmed":false,"spriteSourceSize":{"x":0,"y":0,"w":500,"h":300},"sourceSize":{"w":500,"h":300}},"walk1":{"frame":{"x":1002,"y":0,"w":500,"h":300},"rotated":false,"trimmed":false,"spriteSourceSize":{"x":0,"y":0,"w":500,"h":300},"sourceSize":{"w":500,"h":300}},"walk2":{"frame":{"x":1002,"y":301,"w":500,"h":300},"rotated":false,"trimmed":false,"spriteSourceSize":{"x":0,"y":0,"w":500,"h":300},"sourceSize":{"w":500,"h":300}},"walk3":{"frame":{"x":1002,"y":602,"w":500,"h":300},"rotated":false,"trimmed":false,"spriteSourceSize":{"x":0,"y":0,"w":500,"h":300},"sourceSize":{"w":500,"h":300}},"walk4":{"frame":{"x":1002,"y":903,"w":500,"h":300},"rotated":false,"trimmed":false,"spriteSourceSize":{"x":0,"y":0,"w":500,"h":300},"sourceSize":{"w":500,"h":300}},"walk5":{"frame":{"x":0,"y":1204,"w":500,"h":300},"rotated":false,"trimmed":false,"spriteSourceSize":{"x":0,"y":0,"w":500,"h":300},"sourceSize":{"w":500,"h":300}},"walk6":{"frame":{"x":501,"y":1204,"w":500,"h":300},"rotated":false,"trimmed":false,"spriteSourceSize":{"x":0,"y":0,"w":500,"h":300},"sourceSize":{"w":500,"h":300}},"walk7":{"frame":{"x":1002,"y":1204,"w":500,"h":300},"rotated":false,"trimmed":false,"spriteSourceSize":{"x":0,"y":0,"w":500,"h":300},"sourceSize":{"w":500,"h":300}}},"meta":{"app":"https://www.leshylabs.com/apps/sstool/","version":"Leshy SpriteSheet Tool v0.8.4","image":"arcoColSpritesheet.png","size":{"w":1502,"h":1504},"scale":1}}