{"frames":{"walk5":{"frame":{"x":0,"y":1202,"w":500,"h":300},"rotated":false,"trimmed":false,"spriteSourceSize":{"x":0,"y":0,"w":500,"h":300},"sourceSize":{"w":500,"h":300}},"walk6":{"frame":{"x":501,"y":1202,"w":500,"h":300},"rotated":false,"trimmed":false,"spriteSourceSize":{"x":0,"y":0,"w":500,"h":300},"sourceSize":{"w":500,"h":300}},"walk7":{"frame":{"x":1002,"y":0,"w":500,"h":300},"rotated":false,"trimmed":false,"spriteSourceSize":{"x":0,"y":0,"w":500,"h":300},"sourceSize":{"w":500,"h":300}},"oof0":{"frame":{"x":1002,"y":301,"w":500,"h":300},"rotated":false,"trimmed":false,"spriteSourceSize":{"x":0,"y":0,"w":500,"h":300},"sourceSize":{"w":500,"h":300}},"oof1":{"frame":{"x":1002,"y":602,"w":500,"h":300},"rotated":false,"trimmed":false,"spriteSourceSize":{"x":0,"y":0,"w":500,"h":300},"sourceSize":{"w":500,"h":300}},"oof2":{"frame":{"x":1002,"y":903,"w":500,"h":300},"rotated":false,"trimmed":false,"spriteSourceSize":{"x":0,"y":0,"w":500,"h":300},"sourceSize":{"w":500,"h":300}},"oof3":{"frame":{"x":0,"y":1503,"w":500,"h":300},"rotated":false,"trimmed":false,"spriteSourceSize":{"x":0,"y":0,"w":500,"h":300},"sourceSize":{"w":500,"h":300}},"oof4":{"frame":{"x":501,"y":1503,"w":500,"h":300},"rotated":false,"trimmed":false,"spriteSourceSize":{"x":0,"y":0,"w":500,"h":300},"sourceSize":{"w":500,"h":300}},"oof5":{"frame":{"x":1002,"y":1503,"w":500,"h":300},"rotated":false,"trimmed":false,"spriteSourceSize":{"x":0,"y":0,"w":500,"h":300},"sourceSize":{"w":500,"h":300}},"tired0":{"frame":{"x":1503,"y":0,"w":500,"h":300},"rotated":false,"trimmed":false,"spriteSourceSize":{"x":0,"y":0,"w":500,"h":300},"sourceSize":{"w":500,"h":300}},"tired1":{"frame":{"x":1503,"y":301,"w":500,"h":300},"rotated":false,"trimmed":false,"spriteSourceSize":{"x":0,"y":0,"w":500,"h":300},"sourceSize":{"w":500,"h":300}},"tired2":{"frame":{"x":1503,"y":602,"w":500,"h":300},"rotated":false,"trimmed":false,"spriteSourceSize":{"x":0,"y":0,"w":500,"h":300},"sourceSize":{"w":500,"h":300}},"tired3":{"frame":{"x":1503,"y":903,"w":500,"h":300},"rotated":false,"trimmed":false,"spriteSourceSize":{"x":0,"y":0,"w":500,"h":300},"sourceSize":{"w":500,"h":300}},"tired4":{"frame":{"x":1503,"y":1204,"w":500,"h":300},"rotated":false,"trimmed":false,"spriteSourceSize":{"x":0,"y":0,"w":500,"h":300},"sourceSize":{"w":500,"h":300}},"tired5":{"frame":{"x":0,"y":1804,"w":500,"h":300},"rotated":false,"trimmed":false,"spriteSourceSize":{"x":0,"y":0,"w":500,"h":300},"sourceSize":{"w":500,"h":300}},"tired6":{"frame":{"x":501,"y":1804,"w":500,"h":300},"rotated":false,"trimmed":false,"spriteSourceSize":{"x":0,"y":0,"w":500,"h":300},"sourceSize":{"w":500,"h":300}},"tired7":{"frame":{"x":1002,"y":1804,"w":500,"h":300},"rotated":false,"trimmed":false,"spriteSourceSize":{"x":0,"y":0,"w":500,"h":300},"sourceSize":{"w":500,"h":300}},"turn0":{"frame":{"x":0,"y":0,"w":500,"h":600},"rotated":false,"trimmed":false,"spriteSourceSize":{"x":0,"y":0,"w":500,"h":600},"sourceSize":{"w":500,"h":600}},"turn1":{"frame":{"x":501,"y":0,"w":500,"h":600},"rotated":false,"trimmed":false,"spriteSourceSize":{"x":0,"y":0,"w":500,"h":600},"sourceSize":{"w":500,"h":600}},"turn2":{"frame":{"x":0,"y":601,"w":500,"h":600},"rotated":false,"trimmed":false,"spriteSourceSize":{"x":0,"y":0,"w":500,"h":600},"sourceSize":{"w":500,"h":600}},"turn3":{"frame":{"x":501,"y":601,"w":500,"h":600},"rotated":false,"trimmed":false,"spriteSourceSize":{"x":0,"y":0,"w":500,"h":600},"sourceSize":{"w":500,"h":600}},"walk0":{"frame":{"x":1503,"y":1804,"w":500,"h":300},"rotated":false,"trimmed":false,"spriteSourceSize":{"x":0,"y":0,"w":500,"h":300},"sourceSize":{"w":500,"h":300}},"walk1":{"frame":{"x":0,"y":2105,"w":500,"h":300},"rotated":false,"trimmed":false,"spriteSourceSize":{"x":0,"y":0,"w":500,"h":300},"sourceSize":{"w":500,"h":300}},"walk2":{"frame":{"x":501,"y":2105,"w":500,"h":300},"rotated":false,"trimmed":false,"spriteSourceSize":{"x":0,"y":0,"w":500,"h":300},"sourceSize":{"w":500,"h":300}},"walk3":{"frame":{"x":1002,"y":2105,"w":500,"h":300},"rotated":false,"trimmed":false,"spriteSourceSize":{"x":0,"y":0,"w":500,"h":300},"sourceSize":{"w":500,"h":300}},"walk4":{"frame":{"x":1503,"y":2105,"w":500,"h":300},"rotated":false,"trimmed":false,"spriteSourceSize":{"x":0,"y":0,"w":500,"h":300},"sourceSize":{"w":500,"h":300}}},"meta":{"app":"https://www.leshylabs.com/apps/sstool/","version":"Leshy SpriteSheet Tool v0.8.4","image":"spritesheet.png","size":{"w":2003,"h":2405},"scale":1}}